{"train_loss": 41.13559546502326, "epoch": 25, "_timestamp": 1722732337.9784832, "_runtime": 3933.1314351558685, "_step": 49, "val_loss": 82.58096629165742, "_wandb": {"runtime": 3954}}