{"train_loss": 96.2793567283605, "epoch": 25, "_timestamp": 1722646819.241802, "_runtime": 4813.561217069626, "_step": 49, "val_loss": 95.46364409377776, "_wandb": {"runtime": 4837}}