{"train_loss": 50.70416776682451, "epoch": 25, "_timestamp": 1722275822.726828, "_runtime": 5103.442753076553, "_step": 49, "val_loss": 82.74135740837418, "_wandb": {"runtime": 5125}}