{"train_loss": 165.90697674418604, "epoch": 25, "_timestamp": 1722473749.8019276, "_runtime": 7848.113395452499, "_step": 49, "val_loss": 166.13253008026675, "_wandb": {"runtime": 7870}}