{"train_loss": 57.041868737963746, "epoch": 25, "_timestamp": 1722721601.0302596, "_runtime": 3881.1723515987396, "_step": 49, "val_loss": 79.99797375230904, "_wandb": {"runtime": 3903}}