{"train_loss": 56.5100498702439, "epoch": 25, "_timestamp": 1722657444.9395401, "_runtime": 4251.0199110507965, "_step": 49, "val_loss": 78.27059768481426, "_wandb": {"runtime": 4273}}