{"train_loss": 83.34144706979542, "epoch": 25, "_timestamp": 1722714096.8941357, "_runtime": 4587.105320692062, "_step": 49, "val_loss": 85.93211862552597, "_wandb": {"runtime": 4609}}