{"train_loss": 42.55200938212119, "epoch": 25, "_timestamp": 1722739127.7197196, "_runtime": 3525.1569867134094, "_step": 49, "val_loss": 80.99243575980864, "_wandb": {"runtime": 3546}}