{"train_loss": 3.693807565393638, "epoch": 13, "_timestamp": 1721507934.8556907, "_runtime": 2535.607016801834, "_step": 25, "val_loss": 8.631774912397546, "_wandb": {"runtime": 2699}}