{"train_loss": 0.009984236939812053, "epoch": 25, "_timestamp": 1722657359.031136, "_runtime": 4258.890470027924, "_step": 49, "val_loss": 0.009800363263612857, "_wandb": {"runtime": 4259}}