{"train_loss": 206.02819373045253, "epoch": 5, "_timestamp": 1721504953.4725935, "_runtime": 1642.403071641922, "_step": 8, "val_loss": 3.218906865062484, "_wandb": {"runtime": 1662}}