{"train_loss": 0.0002295566030166665, "epoch": 5, "_timestamp": 1720030435.6207945, "_runtime": 2151.6826395988464, "_step": 9, "val_loss": 0.00027028344155326754}