{"train_loss": 127.4475995219031, "epoch": 25, "_timestamp": 1722212039.6566331, "_runtime": 5640.207196235657, "_step": 49, "val_loss": 2.187936607613621, "_wandb": {"runtime": 5662}}