{"train_loss": 110.81435125610757, "epoch": 25, "_timestamp": 1721670645.463318, "_runtime": 6043.681603193283, "_step": 49, "val_loss": 202.13490589555488, "_wandb": {"runtime": 6043}}